the,1
is,29
you,11
it,23
oh,3
a,25
that,19
this,16
what,21
do,10
to,13
and,169
can,48
look,17
yes,182
like,238
one,252
i,720
not,116
on,74
here,211
are,230
we,161
dodi,554
wawa,550
there,73
of,193
want,12
in,18
no,20
babyname,425
tema,539
with,15
zeebee,555
see,41
at,210
okay,35
vocplayx,2712
put,59
going,293
have,140
langplayx,2714
go,27
does,22
your,75
habble,701
speechx,2711
mobit,549
think,217
mapoo,700
good,177
blicket,551
blue,407
got,5
play,14
so,218
green,302
where,158
let,352
about,56
spin,342
he,31
looks,374
up,50
say,83
has,143
me,344
us,353
kind,232
uh,290
did,320
know,178
right,121
they,26
top,205
wow,367
get,91
car,1294
how,248
all,203
will,331
foreignx,3178
make,38
down,53
these,39
for,236
them,289
soundx,354
hey,165
job,206
color,493
over,364
thank,67
again,347
back,60
red,402
duck,945
little,294
now,310
two,552
lemon,967
or,57
just,274
then,199
mango,4211
yeah,34
out,187
try,268
my,363
she,226
too,265
haha,256
mommy,142
pink,832
but,212
shake,2757
some,109
huh,55
umm,451
pot,2485
am,80
cup,716
remember,279
which,262
stack,288
hat,235
toy,220
if,377
be,488
come,463
boat,1362
roll,340
drop,682
eat,264
should,358
croc,3871
I,81
moose,3932
alright,387
hold,579
gasser,359
could,337
three,553
more,241
an,254
koala,3867
baby,634
kaki,349
called,495
goes,403
very,176
house,836
was,379
teeboo,3206
hozee,3210
seal,3880
take,191
maybe,420
fit,284
kettle,2667
bison,3835
sit,213
him,52
turn,414
hand,338
big,334
give,194
something,276
manu,368
night,2790
elephant,1973
pata,3208
yonka,3205
would,594
bosa,372
quack,2218
heavy,251
racol,3207
block,837
miggle,3204
her,409
really,77
riffy,2783
zoppet,2970
other,299
way,204
mussa,3111
noise,225
vanoo,3118
greebee,2971
leave,111
nimba,2967
paga,3117
those,395
shape,509
yummy,511
touch,515
ball,513
inside,307
doing,522
carkle,2969
dapoh,3113
done,417
off,229
ready,356
else,734
mmm,2870
bye,332
thing,575
hole,2172
water,1263
kookle,2828
oops,266
well,160
pardoe,2968
finger,376
taba,2846
around,285
choochoo,489
train,1078
pretty,542
hello,518
hi,391
apple,271
bozer,3114
cool,437
toys,113
aidee,3116
fell,345
his,538
stay,223
stand,49
who,795
fun,380
plane,2713
feel,249
almost,416
yay,698
nice,306
square,563
candy,622
squishy,577
table,335
new,65
please,138
maylou,2972
watch,647
as,548
because,532
spins,471
makes,756
side,400
another,398
animal,656
mama,516
walk,719
different,269
mouth,599
throw,523
playing,323
daddy,530
hammer,1662
sound,669
together,28
also,531
drink,1855
head,512
silly,246
goodness,525
triangle,857
keep,439
need,184
our,382
turtle,625
bang,311
round,768
favorite,297
comes,477
part,861
funny,321
bit,295
went,578
pour,2245
looking,32
wheel,2104
from,478
first,296
buddy,616
object,964
piece,365
shaped,859
nose,435
find,371
says,707
into,445
open,714
saw,1802
bed,3527
boom,506
home,1123
bunny,1946
why,94
ladybug,3270
squish,1645
cat,1472
bottom,214
cube,844
bug,3189
when,245
fall,608
tower,1076
though,544
move,825
kiss,304
snowman,3529
time,243
name,327
away,313
guy,723
show,494
dog,117
circle,498
boy,764
jump,319
yellow,2103
its,474
bumpy,393
use,462
middle,567
regli,373
loud,771
through,33
were,737
made,389
things,78
drive,772
next,43
flower,2174
build,628
anything,624
lot,208
eye,30
squeeze,2848
friend,1051
hard,753
work,272
much,273
pull,1080
found,569
spinning,959
light,431
ok,301
coming,482
help,766
still,224
sort,510
cannot,355
fly,582
stuck,385
eating,253
bogo,348
rough,564
set,430
nope,286
wait,298
sorry,600
twist,2247
pick,250
might,485
yum,255
upside,330
airplane,1235
horse,1020
honey,1062
push,713
book,278
minute,357
byebye,422
four,1003
alone,135
trying,381
cow,1497
any,617
dance,237
monkey,1995
by,871
heart,891
helmet,3449
truck,2726
soft,986
knock,423
giraffe,3517
ones,66
crash,646
better,675
gentle,536
stick,406
girl,725
careful,630
second,547
love,703
bird,1131
stuff,209
kitty,2932
pretend,469
dropped,683
tell,558
cook,2799
many,1265
making,593
probably,454
before,854
neat,695
seen,853
lion,3515
y,830
same,784
ride,318
best,1065
hit,96
fix,677
food,556
than,261
sure,787
dax,361
taste,597
end,450
wee,341
drum,743
wants,480
tap,1867
last,386
five,1279
helicopter,2109
cut,1035
phone,2786
half,889
crocodile,3821
walking,665
yep,333
gorilla,3514
page,3808
hop,649
rolls,438
yet,200
chair,215
catch,560
rock,894
rake,3528
sides,1004
colat,351
run,2061
toma,360
man,546
supposed,545
smell,2175
rectangle,856
z,1113
tea,2666
feels,644
later,239
robot,823
hide,1052
rabbit,1139
close,1192
wear,234
high,1814
beep,2725
came,369
actually,562
easy,803
guess,561
sing,618
shapes,888
peekaboo,709
bet,412
pig,3784
getting,64
long,730
floor,610
count,1588
bring,2094
both,263
had,1160
left,751
flat,1207
may,605
said,936
bear,2824
interesting,392
fish,966
edges,862
smooth,586
weird,872
pumbi,2311
b,866
spongebob,3507
sleeping,3007
ow,631
camera,228
threw,1069
fingers,442
ear,2036
sleep,3459
fits,507
putting,574
attached,1154
call,492
idea,983
door,796
football,3538
hair,812
childname,2017
small,287
break,1067
bite,192
likes,584
mom,780
surface,843
knocked,557
game,643
saying,1228
bath,2823
today,196
fast,976
start,842
sounds,691
music,744
holes,366
their,61
yucky,614
purple,741
face,419
rectangular,907
bracelet,339
tall,810
rolling,718
spider,2990
zookeeper,3513
ground,1066
holding,362
behind,413
hungry,3153
only,1008
talk,537
hot,733
propeller,2253
taking,149
bone,890
hurt,655
clap,3138
yuck,129
line,1077
thought,378
doggy,1018
mouse,2822
giving,1081
even,993
mister,828
banana,3214
wood,877
letter,961
texture,585
leg,1007
wrapper,876
outside,595
tooth,839
cute,1061
stop,185
flying,589
apart,779
check,502
everything,457
each,458
throwing,775
used,180
read,2125
either,968
building,699
key,1306
woah,2030
m,870
being,1529
dancing,221
word,633
sponge,1150
mobile,1122
zoo,3512
nap,2853
wheels,916
box,397
mean,749
grab,583
ever,658
hear,426
hug,303
button,3372
grandma,2028
w,874
took,227
handle,992
objects,802
white,2397
cage,3793
eyes,384
microphone,2119
seat,336
balance,396
picture,1439
tree,460
gave,590
reach,728
swim,2720
peek,1128
ring,2163
parts,443
share,705
gone,197
real,1127
foot,664
talking,1340
orange,3320
sweet,591
lots,757
ears,570
sky,2124
mantis,3563
zebra,910
turns,715
reminds,911
wonder,470
song,748
hiding,708
screw,3059
necklace,2122
wrong,456
under,405
great,2617
squeak,2223
nothing,1201
moves,2137
hands,440
quite,432
sitting,2024
ends,1001
monster,2164
center,860
shoe,1422
happened,453
legs,568
bowling,721
point,642
once,901
people,609
doll,3308
d,503
wake,3010
race,2145
poor,2025
connected,1036
day,1518
banging,598
hippo,2222
third,824
blocks,629
far,1026
mess,1384
mommys,2047
t,1117
tail,999
wearing,404
soon,2763
figure,1412
fine,496
mine,519
flip,2358
tickle,2026
similar,846
toe,1569
instead,711
while,322
sweetie,201
trade,667
ah,291
nut,3062
lay,51
arm,76
lid,2523
most,1237
feet,996
own,678
tired,2805
listen,2053
lets,763
stacking,604
whole,674
having,606
standing,388
bless,394
type,660
moon,2049
tool,1847
feed,3653
click,3634
rounded,923
been,761
bubble,815
miss,219
underneath,652
soup,2243
somebody,487
string,2442
place,1835
bee,819
chomp,4292
pieces,1264
remembered,1396
squeaky,2221
milk,2077
switch,521
char,782
hitting,2100
bolt,3050
awesome,1134
falling,572
tasty,1120
wrapped,623
pins,2332
thanks,1254
base,979
change,848
circular,1354
live,851
swimming,2815
roof,896
guys,312
police,3506
butterfly,687
remind,329
pocket,2073
lost,651
puppy,2752
empty,399
um,754
poke,3238
goodnight,3526
needs,706
colors,785
crazy,1650
played,794
teeth,541
telunar,47
calling,181
tough,1014
pie,497
teddy,3931
bigger,433
alligator,1742
glasses,2133
la,2252
happy,434
hmm,305
fire,3251
horsey,315
following,1527
triangular,1225
pumpkin,280
cheese,939
pushing,712
ice,2126
happens,2996
thinking,693
moving,1041
heavier,260
opens,2111
twinkle,2120
climb,202
angles,957
pet,729
ahead,822
sharp,974
grizzly,6
wiggle,3391
star,1699
forget,852
front,1079
flamingo,3348
old,954
grass,2350
equine,45
six,2313
room,1086
rocks,880
anymore,621
wire,2315
never,2154
after,3135
special,1887
straight,1118
bunch,1108
pepper,70
tilisek,71
cooking,2550
snake,3089
bowl,2178
treat,1334
feeling,865
weight,809
kid,467
grandpa,3304
spot,1896
cheetah,3914
street,790
shirt,2095
along,1832
jacket,680
bimed,72
follow,3482
stands,411
horn,2048
armadillo,3518
engine,1082
praying,3562
hooray,3063
jumping,1053
person,995
clean,696
hammering,3051
chew,607
it's,24
attention,850
happen,370
bright,1695
gosh,2235
dude,2891
goodbye,2721
solid,1164
window,2539
cream,2127
sock,3402
tastes,816
angle,958
neck,1172
interested,855
sniff,3974
towards,989
rectangles,879
exciting,2731
flies,2228
ouch,3192
connect,1653
lives,1757
using,1055
tiny,1376
smaller,1152
story,2417
resembles,965
glued,806
paint,2402
driving,731
antler,4213
pointy,1044
unlike,1522
noises,601
yours,520
climbing,2942
teach,1173
piggy,3127
arrow,1031
fan,2265
takes,1248
beat,746
compared,573
padil,46
wall,1387
paper,885
dig,3261
stir,2244
tumble,3065
coat,619
yourself,2052
lady,1538
zoom,661
caught,1613
sour,4140
float,2835
ratchet,8
smart,611
juice,2820
sleepy,68
lick,831
blanket,1183
raindrop,4251
broke,1579
space,960
points,1013
longer,300
fruit,4014
shaking,826
sweetheart,3305
works,1404
snack,350
lap,576
mwah,2943
shut,2177
gets,1213
running,811
sticky,2930
order,804
don't,95
dekedol,9
basket,3780
tricky,421
worry,3048
brush,2143
except,917
ontop,2059
thirsty,2816
o,1495
belly,788
pop,807
piano,2813
shell,2285
sticking,1996
black,2911
morning,3016
triangles,878
rice,1332
teapot,2373
buffalo,3921
preying,3655
beetle,3539
names,410
mamas,2929
yea,166
enough,947
steven,3042
hang,602
whoa,774
wa,571
missed,2035
perfect,534
e,1116
dark,1011
mice,3923
someone,638
onto,1000
fuzzy,1377
drumming,2844
bonk,2251
mr,835
starts,873
tortoise,4123
forth,2322
deer,2007
few,240
lunch,2249
trunk,461
working,1087
bump,2515
painted,1162
full,2583
rain,2995
bossa,2872
foo,4145
friends,798
delicious,650
bam,3624
looked,1278
spikes,2339
associate,1012
lose,2051
clock,2502
touching,1244
h,1220
pile,653
bad,472
pulling,2832
sheet,2937
dear,2021
inches,1898
firefighter,3508
sits,275
boo,2050
means,758
fixed,2254
choose,2734
sissy,2033
carpet,3534
expname,3662
broken,2039
goofy,1764
l,1038
clothespin,3061
jungle,3826
pouring,2142
slide,2806
laying,54
whatever,1421
distinguish,1338
spongy,864
blow,2106
v,491
seems,1028
landing,2851
body,1299
easier,1187
somewhat,1513
learn,1406
dot,3183
winnie,4000
ducky,3417
turning,988
pooh,4001
beautiful,747
definitely,972
squeaks,2224
smash,679
busy,2874
dump,3259
stomp,452
what's,42
wanted,841
device,2392
spout,1489
cord,2381
let's,37
anyway,648
bucket,3130
rest,1209
forgot,1871
camel,1027
wanna,2032
mix,1451
pin,2317
lanplayx,2867
believe,1397
plant,501
size,1823
helps,1319
memorize,845
finish,189
dad,3145
rather,668
watching,3257
picked,2045
dirty,3812
dolly,3530
distinct,1224
welcome,732
blob,1760
projections,1371
clothes,247
quit,2796
air,2372
mommy's,448
such,1516
band,529
curtain,7
pointed,1378
grasser,2781
sad,1060
splash,3775
reminded,1182
roar,441
nail,1663
sense,892
ostrich,3825
momma,1084
wrist,198
usually,2729
alarm,4054
screwdriver,2149
always,2113
corner,1269
held,1005
seem,1740
stinker,2075
bench,1820
nana,4050
shoot,1374
send,3151
park,2046
aw,1059
textured,969
minion,3511
begin,1437
curvy,1045
bedroom,3521
stacked,645
kissy,2737
animals,1171
words,1195
drawer,62
belongs,2042
wincy,3543
known,1135
flick,1836
aunt,2742
odd,745
care,689
whoops,727
lean,4234
smelling,2176
thick,1367
everybody,2165
direction,982
cylindar,2287
cars,3532
sun,2994
gonna,90
mhm,2233
able,1198
comb,2696
chewing,1833
snuggle,799
balloon,216
pipes,2206
reading,3811
incy,3542
snap,3032
short,1056
kisses,1073
screws,2213
already,1034
pass,2976
mallory,2807
voxplayx,2716
styrofoam,884
hope,2089
toot,2250
hable,2793
sea,937
player,2492
bud,2869
understand,267
brother,2819
squished,1573
zebe,759
fact,1208
strong,2055
stays,2188
ladder,4010
bounce,2871
bumps,588
scratch,1962
thumb,1646
glove,2803
honk,2258
question,1949
pay,3101
edge,1046
rotate,2271
until,2764
imagine,975
oval,1233
fixing,2187
lip,2085
blueberry,2169
taller,1429
gear,2276
plate,2184
shakes,3030
wish,1837
tada,508
jumped,2409
twirl,1859
cracker,3028
cause,913
exactly,1738
asleep,2875
others,692
mushy,2548
covered,970
carrot,4048
purpose,1741
quiet,1457
gently,2906
gazelle,3829
cylinder,2415
super,2858
seeing,2431
surfaces,1526
hats,383
sees,3015
scoot,3098
gas,2379
rolled,559
god,476
riding,2895
original,1758
kinda,829
rattle,2727
past,1252
wipe,3560
messed,1267
motel,1137
rubik's,4046
rocky,955
pipe,920
coral,887
gum,1813
decided,1176
whale,867
kinds,587
escape,2060
course,666
kids,1869
ship,2418
ahh,36
row,827
mickey,2821
langplax,2941
crashed,2013
comfortable,4100
spherical,1206
turned,428
elmo,2758
land,2959
beak,1393
jagged,1114
sail,1261
basketball,627
itself,1704
balancing,427
singing,2121
somewhere,2770
opening,1961
happening,3093
beginning,1434
slow,3169
lighter,259
touched,1385
flag,1006
large,940
couple,956
hollow,1054
uncle,2743
finished,418
smile,3647
krispy,1333
backwards,1315
areas,1126
felt,1564
popcorn,1386
chain,1631
insect,1418
must,2466
knocking,424
sideways,1556
muddy,3885
scared,1092
straw,2340
school,685
lays,1808
glue,4067
sister,2101
jumps,1048
ew,2784
party,2166
ooh,44
curves,1214
matter,2044
rubiks,2488
nasty,3155
sticks,2482
group,1428
woo,4223
wave,1922
sphere,1300
herself,447
porcupine,3831
begins,1438
handles,998
eight,2207
forward,1199
seven,565
mountain,847
tip,2380
leaving,134
sounded,1184
spinner,2863
stood,1010
strange,449
wires,2294
gross,1583
sir,2750
field,4148
strawberry,3477
cado,3281
corners,973
symmetrical,1734
unscrew,3082
flys,3280
playdough,1643
shakey,3433
guard,3803
laser,2260
pointer,2261
houses,1166
telephone,3568
add,3064
nicely,524
scooping,4147
anybody,3343
doggie,2183
we're,133
cone,566
chug,3762
answer,3427
sliding,818
teaching,1212
squishing,4221
bits,971
between,1232
dinner,3574
pelican,3837
suppose,82
checking,2756
since,1475
bow,1424
wooden,1453
chop,1409
store,694
bored,639
bopping,4149
gotta,162
wife,3525
shelf,2365
knob,1555
petting,3849
landed,2795
stem,1246
closer,2314
falls,2202
wishbone,1826
bowtie,1435
extensions,1933
trouble,2809
femur,1578
zeebe,581
vegetable,4128
that's,115
wet,3616
plain,1927
wrap,1308
easiest,1318
construction,1170
hurts,3174
sharing,2966
shark,984
near,2534
flashlight,3798
faster,2227
kept,1229
dont,1312
metal,2278
where's,58
dropping,2248
without,1616
cones,2525
wondering,3102
growing,283
sheep,2934
smoke,921
instrument,2449
curved,1215
voice,475
father,2916
sensor,2881
mountains,786
sorts,1991
scooting,3099
noisy,258
sometimes,2963
crush,4167
sand,929
rub,3639
died,3168
puff,2857
sis,1506
tummy,4126
mind,2947
bat,952
papa,2736
digging,3264
leafy,4124
mad,3451
world,1661
possibly,881
holds,1849
number,1037
tissue,2105
basically,1923
son,2808
dirt,1997
closed,2189
keeps,1088
protruding,1531
safe,2899
christmas,4047
ribbit,2182
kissing,1070
ribbon,3122
cheesy,3654
colored,1885
pancake,2800
knee,3194
pointing,1549
although,1779
goose,2814
flowers,2199
mostly,1098
pacifier,797
agree,2917
cubic,1216
squares,1343
biggest,1255
rubber,2728
every,1217
case,840
licking,2214
circles,2305
shh,3008
daddys,2171
twisting,3504
owie,2037
hopping,3339
awake,3954
ways,2338
escaping,3730
moe,1755
pillow,800
pant,3847
vocplay,2709
loves,2908
double,994
daddy's,535
breakfast,4127
irregular,2019
inch,1897
problem,1559
hook,2530
grate,2327
goggle,3088
larger,1238
tacan,2782
frog,3190
apparently,750
prefer,3110
garden,3930
itsy,2988
vent,2573
press,1666
leaf,3546
bitsy,2989
wing,1994
ask,1530
pacy,3774
c,4049
resting,2854
sawing,3649
itchy,2811
ate,3191
tried,446
lovely,3119
completely,1381
rigid,1717
guitar,1419
lift,484
win,3345
recognize,777
drinking,2738
stealing,3862
pinch,3078
melissa,3041
mhmm,2231
save,2429
blast,2762
tug,2817
drills,1132
split,1211
earlier,948
ocean,2001
twists,2926
x,504
pictures,1485
growling,2810
tray,2395
lime,2665
telling,408
describe,1403
splat,1370
ceiling,1250
there's,207
pepper?,175
doctor,2755
knows,1568
max,3430
da,309
less,1878
everywhere,2068
yoohoo,3710
liked,752
olaf,3978
pony,3779
kitchen,2575
thi,1505
ant,740
g,2580
spoon,3396
decide,2115
cub,3917
babe,776
watermelon,3652
connecting,2483
uses,1674
pinkish,962
mud,3813
rid,2787
coarse,1427
raking,3940
rocking,2935
lightest,1271
kit,1142
moved,1375
bumped,3736
snow,2324
wobbly,3115
serve,1744
excuse,1918
interest,3265
boot,1039
men,2425
rosey,3325
pound,3232
jeep,3580
portion,1525
spinny,2704
pants,2543
multiple,1514
wobble,3435
clip,2452
carrying,328
main,1245
trick,2745
trace,1466
heaviest,1153
castle,1400
hugging,3179
destructive,3679
rocket,2680
whose,637
apples,2086
suitcase,1479
stomping,4236
tipped,3342
dodo,1140
however,1728
cover,1156
covering,527
tight,676
walker,3382
dry,1640
hippopotamus,2031
stopped,1948
sat,2367
dimensional,1825
bouncing,1417
solve,3948
washing,3595
othername,3782
pulled,1470
crunch,1700
lastly,924
tallest,2003
egg,1725
dumbell,2349
crank,2461
desk,2695
langplay,3499
chance,3452
hm,3571
spots,1544
batman,3822
team,814
wild,2197
bolts,2195
ran,444
toss,2470
final,2299
"""say,",102
wyoming,4227
counting,3137
donna,3326
tracker,2893
ben,3024
boats,1361
jingle,3086
tiger,3824
restaurant,2341
protrusions,1512
geometric,1151
area,1940
sport,2746
prickly,755
plastic,1282
beach,1873
woke,3009
surprised,3795
grasshopper,3541
focused,2454
combination,1874
j,1289
messing,3043
swims,2876
brick,1474
barn,3686
letters,1346
harder,1230
ducks,2840
softer,981
narrow,946
hopefully,1103
rhino,3830
repeat,863
protect,3559
cutting,3553
wrench,1668
moat,1401
fireman,3307
hoof,4243
ten,3463
material,1388
desert,1872
stayed,2981
blind,1068
kiddo,2058
elbow,2551
cuddly,3868
least,1591
drool,2079
washed,2993
frightened,1064
totter,3637
glass,1298
slam,2827
missing,1328
buttons,2090
nickname,1844
yoyo,2257
percy,3055
visiting,3816
nobody,1567
washer,2196
view,2277
forest,4146
wiggly,3705
pool,2842
road,1301
hose,3858
unique,1410
scare,1109
diamond,2950
crying,4242
hut,3278
dreidel,3001
french,1861
dinosaur,1688
firetruck,3133
yard,4045
remeber,3182
computer,1600
cylindrical,2458
u,490
shovel,4172
switched,3175
dried,2568
cheeta,3827
swap,3314
magic,3072
thin,820
thinks,486
obviously,1766
grizzly?,87
tumbles,4154
picking,2173
melon,4207
tub,2733
puzzle,4069
bathtub,3763
smiling,3848
lucky,2512
crater,778
hotdog,3776
difficult,1405
unless,2918
humbi,2280
height,1905
bubblegum,1830
duckie,3413
moment,2084
appears,1281
ma,1502
drumstick,3090
explain,1179
hairbrush,2129
study,1921
places,2345
crack,2056
cart,2391
duck's,3768
normal,3079
security,3802
beads,3253
random,1100
letting,3370
teeter,3636
unlock,3790
built,3107
musa,3350
eyeball,3349
started,1800
geometrical,1326
hyena,3516
bars,2495
maison,1862
muffins,3215
gracious,2023
vertical,2616
fox,3832
stuffed,4258
lining,2801
moo,2114
flamengo,1130
stablize,3566
distracted,2830
rotating,2579
named,1021
crawl,3002
royal,1494
foreingx,4295
chocolate,1307
memorized,1175
poop,3431
oddly,922
tractor,2882
imagination,1476
sets,1186
ms,3487
someday,2836
perfectly,4228
harold,3049
explore,4231
headband,773
anywhere,690
shall,3165
spy,3733
step,3458
vroom,2873
gooseberry,4095
fancy,3740
extension,1934
oatmeal,3757
tapping,2866
contraption,2191
untangle,3094
papaw,2877
draw,1222
review,838
walked,3807
noticed,1750
list,4235
smallest,1444
eats,483
tunnel,2927
spikey,2108
pump,2626
lines,1115
carry,499
whistle,3091
rattles,3026
choo,2072
fountain,1481
structure,1736
totally,1285
gloves,3105
smells,4218
sided,1936
beeps,3751
dent,1324
characterized,1983
ballerinas,222
hunchback,1868
yah,3684
protection,3660
item,2566
hive,2040
bike,3328
stone,2382
pear,3854
goon,4152
soda,2312
sill,4321
relax,2203
shelves,2366
regular,1316
toffee,1818
yeehaw,3667
dumped,596
spray,3968
flips,3603
hairy,1791
character,1705
"please""",112
wiggles,3615
meat,950
tools,2232
tie,1436
yesterday,2780
tangled,2102
fat,1762
wanting,3077
plaque,2606
cheek,3034
flamengos,1168
sippy,2192
ketlle,4307
torture,2450
purse,3124
ta,308
catalina,3301
length,1533
resemble,1465
jack,1305
chicken,918
bangs,3375
notice,760
remembering,1504
memorizing,1181
symbol,1467
seesaw,505
passie,817
beehive,3669
birthday,2168
speechplayx,3409
hooks,2556
composed,2281
squarish,1937
sugar,1456
dye,1656
exploring,4315
actual,1304
edible,2944
s,1355
itch,3172
climber,4233
peekabo,3198
paci,3664
duo,1163
fence,4259
rescue,3031
vocplax,2715
james,2980
snuggly,4309
babynames,3760
meet,3851
scarf,3846
bell,3443
heard,612
sculpture,3246
depending,1805
clothespins,2484
crashing,2489
shoud,3564
toward,3381
pete,2986
handing,1063
hanging,1763
against,4262
focus,2463
likely,2284
sweeper,1297
zee,2753
disappeared,813
awfully,2798
fond,3037
foam,1733
wars,1707
design,2629
worried,3670
pellican,3836
gun,1772
term,1557
missy,3671
sticker,3946
dissecting,4074
cottage,938
traingle,1251
drooling,3184
choice,1913
snuck,4016
slippery,2845
none,1331
isn't,316
divided,1794
yikes,2096
roam,3540
liek,1841
form,1993
test,3373
sunggly,4310
sweater,681
grainy,1445
gears,2148
pokey,1042
jam,3177
baseball,1831
ha,2216
spigot,1860
ballon,3800
container,4260
waves,1951
kitten,3883
gee,3994
human,1562
handsome,1019
owl,2010
cry,2997
pages,4019
watering,2378
bolbous,1112
spraying,3857
shiny,3641
peppermint,899
fellow,3651
syllables,1793
that?,79
perhaps,2585
abstract,1329
above,2949
combined,1236
learned,1753
icky,1560
figures,1824
azul,3323
staying,722
outward,1380
birds,1141
placed,2624
masonry,1169
knew,632
worked,2041
keeping,3170
fight,2834
stretch,3157
distinctive,1710
asking,3081
oh1,1125
slides,3036
es,1178
popsicle,2481
hardest,1124
tack,2804
stink,3434
heads,1243
fighting,4052
waking,4081
waiting,783
drooly,4313
switching,735
mokey,4312
kissed,1071
furnace,2546
wonderful,3723
whereas,1911
behave,4151
young,4311
tock,2267
tears,2880
rubkis,3989
bend,2445
spun,2862
kick,3772
gulp,3777
smoother,1781
blueberries,3017
tick,2266
items,1174
here's,114
post,1413
easily,1349
spanish,1358
fairly,1986
polka,3913
climbed,2991
showing,3690
bag,3125
kicking,3236
roots,1552
battery,4002
cutip,2347
quacking,3415
inner,2462
family,4040
visit,2741
clapping,3244
silver,2912
taylor,726
dodis,1204
hammers,2210
rope,2354
groove,3731
hamburger,2389
english,1620
fairy,4150
balls,1283
fin,985
fetch,1829
rhinoceros,3870
oil,2342
farm,281
candies,1696
nah,4264
opened,3805
teh,1432
monitor,1954
category,4308
swing,2117
driver,2424
lead,2159
hobble,3241
talked,1106
aww,69
lock,3357
angel,3011
court,3355
excited,2749
fifth,2318
floam,1638
keys,3789
allergic,3012
cubical,1903
savanna,4039
darker,1249
violin,2441
sh,1974
jiggles,3076
tonight,3488
heel,1423
slipping,1089
sings,615
future,2831
sprocket,2329
grid,2504
smashed,671
dress,3897
saws,3942
horizontal,1119
tips,1575
combine,2194
sneaky,3678
fault,3160
motor,1834
steve,3369
eaten,1040
roughed,1884
attack,1094
walks,662
motorcycle,912
kidding,4268
pattern,1990
elsa,3551
flap,2892
connects,1030
sneeze,2259
normally,4029
dogs,1827
sponges,2474
taxi,3893
musica,3324
altogether,3080
axe,1389
lou,3363
eww,2160
seals,3894
complicated,1780
babys,3554
scooch,4156
nicer,2412
realize,464
hardened,1149
curly,3980
peel,3945
skipped,3828
spill,2841
association,1188
across,1987
officer,3895
wings,951
bub,3676
version,2307
enjoy,3722
streches,3620
spelled,2663
accident,1391
horizontally,1979
scoop,2467
insert,1959
skip,4023
pens,2348
teleport,4261
mark,1273
geared,4314
times,1266
thisis,1799
grammy,2761
coal,1083
twenty,3680
headphone,2532
poking,3310
miracle,2083
fluid,1227
haircut,3311
"""ok,",85
flatter,1806
rolly,791
growl,4191
seasaw,4114
drill,1133
tires,3567
parade,3859
figured,2856
p,2509
serious,3096
antenna,2582
wears,3309
rose,4113
feeding,3886
differently,1345
blickets,1778
wad,1488
arms,997
position,849
taffy,1144
trading,2246
padil?,157
outfit,4025
divisions,2613
david,3292
disgusting,1580
learning,1024
blocked,3598
concrete,1787
poo,2776
twisted,3717
forgetting,429
thumbs,1539
looky,4178
snotty,3561
huge,1649
puffs,2860
tumbled,4158
ourselves,3276
dense,941
ahoy,3103
bon,893
belong,2915
kay,2141
greyed,2398
lola,4042
higher,2520
adding,4267
som,3565
late,4244
crocodille,4328
pat,3140
fingernail,2774
todi,3300
stretching,3158
doughnut,3447
affected,4302
alice,2136
itty,2718
luck,3021
drainage,2620
valentines,1517
emerging,1550
funky,1812
pigtail,3972
blocking,3599
ou,1483
hourglass,1863
frustrated,3720
popped,3216
vulture,4033
phrases,1503
minions,3570
wonderlab,3576
wookie,3869
unplug,4044
fountains,2186
gate,3866
dunk,3695
match,526
angular,1563
nina,3291
awkward,1344
gumball,1398
zags,1589
bob,3053
thingy,3289
semi,2521
iron,468
birdhouse,3245
snoring,3753
fawn,3882
clippy,2219
dice,2361
chips,3223
biting,2773
stickey,2241
maam,4285
conditioner,2403
sails,1360
dan,1749
paying,1101
clapper,2868
particular,1894
overseer,2406
butt,2076
living,1085
continued,2411
zero,3341
turny,2537
suvs,3588
nonsense,3268
screwing,3057
child,1566
sethf1,2705
shaky,3747
needed,4217
banged,3274
bracelets,2239
messy,1480
scooted,3100
crab,3473
seated,3714
attaches,1719
obscure,1882
changed,2921
you're,179
suck,1669
awful,765
cap,2936
squeezable,4265
divets,1383
sethf2,2706
gassser,2497
curious,2829
immunology,3471
stamp,473
captain,3399
shanty,2878
unplugged,603
experiment,2062
wand,3073
skepticism,3052
konk,4125
momy,3173
confused,738
tastey,3438
rearrange,1912
matches,4197
lemonade,4214
bitty,2719
screen,3658
associated,1185
workshop,3638
boiling,4288
joke,2359
nambia,3358
rhymes,1619
cargo,2396
tasted,4229
unfortunately,1558
boomerang,4289
tighter,3058
unsmooth,1982
science,3407
attacking,4130
cheeks,540
input,2605
snuggling,801
slept,3019
tow,4165
shingles,904
icicle,2238
impression,1570
mittens,2155
plays,1851
practicing,2938
tomorrow,3492
mitten,3453
trailer,1121
rings,2897
cubby,4241
drinks,3758
helen,1090
rails,2363
hopes,1205
gummy,2633
sunglasses,1509
weapon,1683
lower,2508
ridges,882
stoplight,2593
grabbing,4021
zookeepers,3524
friendly,3924
runs,3834
cubed,1382
"""you",139
honest,1635
besides,1929
curve,1145
thatwe,4164
notknow,1845
dishes,1673
laid,3406
"grizzly""",86
worth,4237
australia,4252
frosty,4041
beacon,2607
followed,3797
dissapear,40
collided,2054
meant,3359
expectant,2070
clips,2533
"padil,",118
alli,4249
giantic,2421
sawed,4068
humps,1287
lie,3965
"dekedol""",104
sneaking,4017
stunt,4107
playdoh,3069
wouldbe,1482
toybox,3745
twisty,3969
king,3919
breaking,3952
uncomfortable,3108
spike,2240
fallen,3922
runing,4271
assume,2323
madam,3217
ahammer,2237
ricket,1097
based,1581
raft,3750
th,2437
dangerous,1747
badly,919
zeeebee,2802
adjusting,3084
swirls,2099
tugboat,3761
twice,1226
vacuum,3445
complex,2326
angry,3645
tossed,4253
chickee,3996
maraca,3712
filled,925
reason,1561
downstair,3962
wawas,1776
im,2578
theme,1769
chutney,4226
lamp,3589
minutes,242
porch,1722
roly,3283
alien,2405
drops,4270
grabbed,3748
submarine,3230
clouds,2229
birdie,3237
taps,3068
dip,1963
spaghetti,1487
doese,3075
message,3558
alot,2681
scope,2144
brain,2611
squirt,3668
particularly,1366
tweet,3485
telescope,2215
unwrap,1292
comprised,1416
terribly,2020
f,4220
"""yea,",100
chunky,1033
elevator,3935
tied,1821
chopped,1694
setting,1698
situation,4238
curl,3522
certain,1510
shuttle,2337
told,2885
sleepwalking,3865
collapse,3066
quieter,3428
radiator,2328
locomo,2407
thecar,4051
seek,1058
sylvester,3582
squeek,3642
cue,3092
pork,1394
bite?,195
drives,3397
mug,2670
interact,1452
purpling,2022
turkey,2562
crooked,375
helpful,1313
17.44475,2852
broccoli,3120
aurora,3648
earth,3629
ipad,2987
knobs,1765
slipped,2812
sahana,4110
blech,1446
stinky,4304
important,3505
odie,1608
waterspout,2992
everthing,3097
grating,2494
nickle,3632
theseal,4282
relate,1484
youget,3083
swell,4232
barnacle,4203
rugged,1957
crackers,3027
stain,4257
hate,1528
enjoying,3143
"here,",146
frozen,4027
speak,1647
clue,3864
whichever,1720
blades,2383
n,657
dots,670
yonker,3213
mache,886
saucer,2475
mask,3630
forty,3973
shared,704
ooo,270
opposite,4248
connection,1196
listening,1202
war,3285
poofy,3970
faucet,1478
horses,1165
spinney,2960
helping,3500
upsidedown,2792
snooze,4080
flipper,3912
saved,4254
dandruff,2698
excellent,688
asteroid,1032
life,3448
closing,2146
nowhere,479
Transcription,770
yawn,3523
this?,105
andn,1270
ignore,663
map,2012
dolphin,3536
kits,1342
minnesota,4246
defined,1727
log,4012
changing,641
cold,3937
"""no,",123
chill,1703
fense,2364
"off""",150
lowercase,1716
prism,908
feelings,2298
smushy,4327
snacks,3258
lame,3987
manners,789
puts,3879
memory,1017
types,1785
bones,1828
measure,2302
repetition,1797
become,2983
confusing,1449
unlocked,3792
sweetpea,3773
dental,2448
several,1693
chose,3472
feature,2541
rotates,2591
mechanical,2514
scheme,1628
anna,3550
vocpalyx,4294
squishes,3390
promise,2767
buggy,3928
dung,4037
sleeve,4230
responding,1099
jenga,3998
seeyou,3085
nieghbor,3545
unusually,1364
bead,3704
ish,1926
spouts,2374
crushed,4084
hockey,3992
noodles,2181
we've,4
ared,702
sounding,1508
crawling,4160
fireplace,3250
disney,2903
wil,3139
???,324
on?,153
charolette,3126
skin,4166
dang,2336
associating,1617
closes,2110
steam,2668
pitcher,2255
whistles,4250
birdy,2933
dimensions,1819
uhh,2477
bicycle,3874
vision,1629
robots,834
described,1399
free,3631
vertically,2295
projecting,1379
scary,4171
somethig,3152
gong,3331
fashioned,3247
shining,4022
daisy,3466
rack,2335
guythat,3095
chat,3054
stripped,3056
controls,2678
won,3346
fake,4212
paperweight,1739
snowing,4300
secret,3424
woohoo,3688
nao,2304
velcro,3176
waht,3771
lava,895
jail,3338
restless,3608
bummer,3400
children,3273
hay,3815
oilcan,2603
cleaned,762
wawawa,1050
584.133246,4168
style,2446
shoes,2985
peeked,4277
backward,2724
clearly,1272
pretending,2914
tiktok,2505
tire,2487
dobi,1498
dressed,620
stream,2907
traded,3074
mappoo,2264
spare,3070
painting,3071
dreams,3013
she's,164
fangs,932
pincher,3233
shoulder,3905
carckle,3186
workbench,3087
asked,465
blew,2107
hayden,3450
shy,2226
slightly,1930
cake,2789
nipple,3754
oven,2334
naughty,3861
trapezoid,1925
ne,1496
thre,1411
axel,2400
fuzz,4255
lab,2080
uneven,1737
whiz,3995
afterward,3818
yourmouth,2794
nibble,3755
creepy,4208
bookstand,4028
sign,769
finds,3787
coin,2641
mary,3362
familiar,1189
machine,2204
roughly,1692
loop,2723
bulb,1554
doesn't,124
toolbox,3248
"ratchet""",101
drank,3389
pickle,3633
propellor,3319
sharper,980
skinny,3749
sixth,2319
clear,3966
stove,3626
isthe,2234
swiming,4286
stems,1247
eeyore,4006
goat,3884
disformed,1809
ape,1975
rubix,4101
bluish,1241
mispronounce,2091
cockroach,4090
can't,167
flexible,4053
ramp,4105
spiny,3282
section,2344
zeebees,1203
dances,3491
ruff,2751
taxing,3420
gotten,4239
helped,1577
shutter,2614
icecream,3697
tube,2486
rotated,2274
racket,2158
burn,1074
starting,3709
abc,4173
genius,3977
brought,3596
shop,1395
brown,3432
pebbly,1966
comfy,4247
attatched,1879
tennis,2157
oop,3938
likea,1194
logs,906
feces,3429
overall,1242
,898
calm,4209
taken,4132
sod,1111
rotation,2300
paws,724
"""well",186
gray,2610
trust,4174
corn,4195
wapoo,2797
lobes,1553
andthe,1022
longest,1752
shoo,343
k,3939
satisfying,2954
auxiliary,2557
arc,2647
id,1998
prongs,1935
flattened,1372
chip,2439
fair,3112
project,3467
industrial,1697
sheets,2910
option,4187
lovey,3288
ot,4153
everyone,3999
steering,3439
stomped,4198
raspberry,4094
identify,2296
bowled,2151
sink,2621
outcome,2920
yesthey,2029
comprises,1881
separating,1985
theres,2309
hahaha,2360
sethf4,2708
teeny,3839
skateboard,2456
brisket,1599
hops,3159
bubby,3675
caracterized,1978
wash,3817
polly,792
return,3361
ohthis,901
dj,4065
patrol,4206
likek,1687
repeating,2006
birght,2653
khaki,2542
pacman,4190
lookie,3287
prentend,4298
sahara,4111
"toys,",110
huff,3149
spend,2984
excess,1459
fetched,1223
goofball1,2118
"no""",137
sleepytown,3022
ratchet?,107
doc,4060
sopngy,875
shortest,3604
saaying,4299
mnemonics,1167
deal,3023
conch,2953
thigns,2451
gasp,3941
rug,3569
continues,2440
nest,2765
paly,3171
spindle,2576
whenever,1257
overlapping,2471
"""look",151
domed,3271
peice,2545
horns,3916
architect,1675
torch,3863
wiring,2677
smacked,3318
met,3689
dragon,3591
outline,1341
expression,2940
year's,2152
familar,3412
organic,2459
choo-choo,2979
thicket,1353
duel,436
drivetrain,2595
videoing,3254
galloped,2162
protected,1624
application,1713
specks,1889
lik,1572
okau,3132
flew,2754
eventually,3275
grumpy,4329
male,3855
bowiling,2598
tempi,640
crappiest,1594
flashing,1095
rex,4078
attach,2683
stoppers,1718
roundish,2536
shepherd,2263
excalibur,2479
tv,2015
mmmmm,2185
TV,2581
"please,",136
dish,2473
swuare,1924
homonymns,1618
carolina,2740
blockhere,1803
propellers,3330
pieceee,1691
stole,3612
thunder,3364
composing,2291
spikyness,2468
expand,4303
okat,1690
mobil,1023
foreign,3240
closely,1177
age,4202
loving,3781
"helping,",148
hipitty,3976
correlate,1865
volume,1902
subjectname,1767
goofball,2123
results,3267
we'll,244
tyrannosaurus,4077
appear,1545
replaced,1359
worker,4073
crinkly,3441
sailboat,1262
equation,4159
toti,1365
knife,3552
honeycome,3067
becoming,3029
connector,2270
brake,2393
natural,931
ho,4301
ours,4316
card,1969
grey,4103
Right,2201
brocky,2362
cotton,2560
"utterance,",4274
calibrating,4005
it?,159
somone,3890
wnat,4283
shelving,2574
linebacker,3958
entire,1534
mixing,3461
represented,978
neigh,317
chained,2355
simple,2632
mussaoh,3148
armies,2420
bricks,2500
concentrating,3404
worn,3607
mint,1907
hill,3414
phoebe,2057
micrphone,2230
jobs,2027
meteorite,1532
fling,2923
bean,3927
expected,1886
neuter,2564
pikes,2584
donut,3038
langlplayx,2847
temple,1655
pi,1968
boxer,3203
popping,1721
trapped,2640
jealous,3383
action,3360
flickers,1258
pets,4222
coffee,2671
bare,4305
basin,2622
gravity,3004
paired,3600
lips,2588
act,4036
funnier,2964
eyeon,1689
neighbor,3783
rectangulars,2283
stoked,3387
molded,2664
german,2262
spilled,3162
memorabilia,2690
dreaming,3014
squis,3377
quick,1950
garfield,1609
billy,3201
shows,2516
time1,1107
ropes,2356
shopping,3889
alrighty,3181
variety,2368
syllable,1798
narrower,2535
tiso,2098
treats,2565
maracas,3716
Mickey,3401
tasting,3981
beyond,673
voppet,3425
quieres,4139
pit,1615
pronouncing,455
cheerios,2748
crabsolutely,4137
possible,3997
months,2065
grocery,4092
tricks,2674
trooper,3621
boas,3606
proud,3408
online,3454
poured,2570
whent,1259
sweety,3497
suppposed,1426
washable,3422
backside,2619
ventilation,2370
plop,4266
jetting,2628
slaps,1602
smushing,4204
flute,3696
vanooo,3163
features,2273
preferred,2924
grizzly's,89
oner,3187
vertabra,3617
gathering,3786
Christmas,459
decides,3804
wrappings,1469
bliccket,1447
di,3416
squarepant,3990
towers,3351
buildings,3910
ladybugs,3575
pronounced,1357
procupine,3823
clarification,902
advertise,1630
granny,2735
___,2256
baker,3296
blwo,3150
pizza,3685
barnacles,3537
here',3202
highchair,3167
noticing,2859
scrunchy,3385
squarepants,3646
surprisingly,3493
grunting,3141
woman,3908
spiderman,3801
grates,2538
chromosomes,2608
tibia,2009
loofah,1672
dinasour,2688
circulate,2343
spanking,3953
"one""",144
data,3590
fed,3955
dorms,1596
chipping,3272
babynam,4280
respond,1102
india,3384
langpalyx,3395
chest,2609
bookend,1724
eggs,3221
oxenbury,3856
instrumental,2457
difference,659
trophy,2691
gwen,4188
eliminate,1274
yo,2962
collectively,1486
honey?????,717
unfolded,1440
turtles,3572
sturdy,3677
phones,3594
buckle,3548
charr,2180
lids,2658
boots,613
spaces,2577
stubborn,3317
dimensionally,1511
steal,3873
itit,805
rubbed,2558
ending,1468
onot,1999
firewood,3785
"that""",99
squareon,1942
stores,1632
nod,833
prettier,543
voices,481
ishow,1310
loudly,3739
leaning,4256
distract,3672
yes22,2217
daughter,3316
money,3838
chains,2205
anyone,3729
containers,2612
consistent,2517
yanka,3841
plaster,1335
padiil,257
traveling,1490
budy,3496
tablecloth,4031
ractangle,1870
couldbe,1441
ts,1352
nuts,2212
dingo,4020
topsy,3718
thema,1892
marks,3136
bugs,3929
meets,1535
turvy,3719
identifiable,1407
cross,1571
mini,2493
amazing,3707
eagle,3131
denser,943
"yet,",188
passenger,1302
usage,1891
tops,1373
weirdest,1714
cricket,1702
moby,868
wakes,3878
inspection,2977
mick,4106
taco,4163
getboth,3683
nad,1748
straght,2884
weights,3266
breakthe,4216
tuxedo,1425
winter,2759
fatter,1938
neither,3297
ai,1854
refer,2768
upon,2408
bounces,2413
cats,3820
antelope,4034
14,2064
ill,1988
dpin,3327
tacky,3602
hooked,1351
everybodys,4331
absolutely,4319
dribble,3960
triangle's,1157
cracky,2414
This,325
rool,3694
ridden,2732
firing,2430
krispies,1877
balanced,3903
cob,4196
noisey,2898
flowering,3691
cratered,1743
doddi,953
traced,1347
farmer,4066
museum,4075
ma'am,636
unappetizing,1607
"""right",145
rode,3904
whate,3701
ober,1811
plenty,2902
findthe,3199
george,3394
rider,914
mallet,3584
urchin,1900
"padil""",119
mo,1499
zeebeeover,1958
fanciful,1637
rigids,2642
instruments,3744
teeming,1605
duper,4035
finding,3243
definetly,2465
q`,2501
speeechx,4296
bus,2865
intended,2636
recognizable,1712
rubik,4182
voxplay,2710
projectoon,2645
rollie-pollie,3663
shoulders,1846
fabric,1161
antlers,1420
clack,3635
function,2679
gonig,1652
film,1708
mute,1773
phaser,1706
crew,4199
blaze,4181
squeezed,3474
gravestone,4121
insure,3033
carefully,1462
waw,1853
launching,2692
basis,1888
right`,2286
ability,3365
mechanic,3315
here`,2082
strings,2443
shorter,2646
flicket,1840
lengths,3060
someething,1848
iss,2034
ohthank,3752
necessarily,4184
garage,3625
kinf,2571
rapper,2330
resond,1253
swipe,3104
display,2503
pounding,3366
emerge,1546
oriented,1520
hump,3906
salt,3222
taping,3256
H,672
shift,1917
brave,2432
uhoh,3188
older,2063
racing,4118
thats,3703
destruction,3713
talks,3303
consider,2599
jaw,4116
pits,3252
hija,4141
twitching,1947
zombie,4030
specific,1392
follows,1989
seemed,1193
thunk,2955
staking,2894
hast,2553
package,1290
components,2282
bothers,4318
neighborhood,4083
woudl,1473
scratching,3336
magma,2569
gout,1548
worthy,3622
origianal,793
nomen,3234
fishies,3231
lincoln,1709
canI,626
notit,821
chords,2589
liking,1754
discovered,3423
boating,1043
organ,2453
merged,1875
wont,4176
haveblicket,1047
objet,2369
carries,2900
dangles,3692
adjustments,3106
inadequate,1623
jinxed,3378
doctors,2170
news,3302
bumpiness,1735
jolly,4193
hablle,2513
thte,3046
carved,928
speechxon,2946
cab,4278
accomplished,1096
wins,3573
hellow,1200
tushy,3770
goo,1759
ton,2190
lright,1893
wider,2321
theno,514
grenade,1931
obsessed,233
squre,4177
screwed,1105
"oh,",155
drips,2074
frustrate,4317
marker,2945
early,4079
plato,2416
talkative,2225
abandon,3376
spiky,3852
stretchy,3698
thisyou,1291
makeup,3498
hamburgers,2399
mill,4058
flour,3220
tarmack,2843
"pepper,",172
alena,3544
eva,2778
knobby,580
squeaker,3988
hall,3520
planes,2838
are?,84
bedside,4072
gravel,1464
indiana,1634
hers,767
"yuck""",128
taht,1592
warblely,2444
clicker,4186
gassy,2896
tickling,533
thirds,1980
clinky,3322
curling,3877
nibbling,3756
armidallo,3806
rectangules,1654
illustration,2000
bashh,1664
romp,1057
cowboy,3557
attempted,1159
rectangluar,2648
dekedol?,103
column,3618
undo,934
similarities,1110
cheating,4179
scale,4201
littler,4161
spaceship,3025
ninety,1322
straighten,4155
donkey,3312
dandy,3457
tjhis,2135
scrape,2209
stranger,2351
heritage,3388
objecy,1551
smush,2097
logo,2904
azeebee,1075
forgeinx,4219
paw,4205
protrudes,2602
shot,3959
irregularity,1369
ave,1221
yup,1408
greens,2662
especially,1337
brontosaurus,1612
sack,3853
experimentername,2268
York,3900
torpedo,2423
chatty,3721
tuck,528
darn,3682
windshield,949
here-DP,4276
bulldoze,1677
bother,2132
mimi,3759
scrambled,1477
deciphered,1350
join,3605
comparisons,1916
mushroom,3294
voclplayx,2850
thatw,1679
finishes,3347
unit,2631
anothe,2644
snows,3845
calfs,3810
wawa2,2496
overwhelmed,2747
bastardized,1627
somebody's,2587
sam,2038
pigtails,3971
degree,1323
evil,2419
current,2438
sealing,2404
swift,2952
virus,1641
riff,2785
kelly,3403
bottoms,1971
north,2739
barbell,2320
pinson,2499
separates,1992
modeled,2638
intentional,1890
mae,3936
fibbing,3299
heifer,2018
afraid,1093
dining,3519
zigzagged,1543
unlocking,3794
dripping,3982
fleck,3321
canteen,1856
jewelry,3699
exhausting,3494
everyday,1325
favorit,3587
scientific,2951
soq,2303
whalesoundx,2200
coiled,2649
cell,3643
nine,3462
wobbling,3444
bridge,3047
no`,2087
showed,3656
choke,3609
largest,1976
It,1309
mustache,3881
rigged,2886
fitting,1682
rides,2928
baths,2901
bottle,3876
edged,1454
cuts,3583
moma,3495
threre,4279
sells,3902
wtih,4162
teasing,3226
vert,2469
continue,4104
foriengx,3239
clothe,2650
library,2825
week,2958
nurds,2655
dork,4043
ans,1945
noice,3003
seats,2139
numba,2975
helipcopter,2236
weighted,2275
looke,1880
annoying,1601
pan,2522
bill,2879
rare,909
attache,2639
agian,2388
airplanes,2211
borrowing,3333
drip,4326
dogbone,1864
knwo,2005
observed,2290
nutritious,4306
chin,3006
whisper,3860
soundx`,2220
hoarse,3000
birdseed,3535
langoplayx,3693
kidn,1965
magical,2673
demolish,2684
carrier,3367
medium,3738
root,1471
it`,2112
asbestos,1597
babydoll,3306
htink,1590
gives,930
vocpplayx,2818
major,2686
gentler,3715
drumset,742
realy,3483
restart,1920
winning,3340
thickish,990
thinker,3767
recommend,1684
aid,684
million,4063
compartments,2594
hugely,977
mighty,3352
rearranged,1914
slack,3211
sore,3227
imporving,3481
didu,2510
incredible,3354
board,4003
somehting,2387
lights,2198
indented,2540
hese,1795
cookie,3732
girth,1368
upright,2480
"eat,",127
conjoined,2615
again\,3442
tempa,3623
fussy,2948
quil,3925
mr.,1049
whoospie,3465
smoothest,1977
nature,1726
sayzeebee,3666
video,3255
trinity,174
beacause,3503
meeting,3907
amount,1895
oteher,2549
papaws,2883
coats,2081
flown,2839
blowing,3277
squeezing,3128
killing,3991
yeswhat,736
pardo,3440
iskind,897
ex,3337
temas,1782
rhyme,1796
liquid,4135
bar,1932
loo,2888
pronounce,1858
taught,4122
jet,3455
frequently,2702
drums,3711
headset,3947
"""bimed,",170
chunks,2472
"""equine,",130
differences,1784
tickled,3819
okaylike,935
city,3909
hammered,4087
jazz,1774
sounfdx,2011
chewy,4009
"alone,",141
regli`,2498
dollar,4064
salad,2179
fisher,3920
watery,2837
grace,4245
ay,1731
plus,1015
thsi,1295
fries,3737
tomahawk,883
soundz,1493
belief,2826
Audrey,314
combing,3644
loopity,2722
spiral,592
spiked,2552
looksef,2308
mispronounced,1768
doyes,2116
cleaning,4015
mm,739
halloween,1901
chicky,3290
code,2890
supermarket,4096
wavy,1542
easters,4144
indian,1857
wawaspeechx,3725
apologize,1240
plants,3593
objetc,1622
bib,3293
helmets,3963
ox,4038
grip,3949
development,3479
wawa1,2092
surgery,3533
substitutions,1611
don,2043
wau,1909
crawls,4007
georgina,1919
bothering,3673
complete,2519
content,3039
spongey,3193
orchestra,3650
"""with",97
parting,1029
negative,1330
honeycomb,3228
jacks,3592
colorful,3933
anteater,3809
lightly,3464
below,3627
during,3161
upwards,2002
deeper,2643
wrapping,2529
hree,1148
wiz,2572
aokay,1660
squeaked,4330
"here""",122
squeaking,4059
fights,3956
textures,3035
prog,1964
waving,3700
parode,3044
ticket,1960
chipped,1268
environment,4091
jewel,3329
wreck,3597
one1,2140
grids,2506
packet,3164
japonese,1770
purplish,963
extended,2596
plow,2325
heartup,1732
tile,1680
lever,2672
objec,991
smoothed,1155
warp,2386
chanced,1788
krispe,2693
definition,1595
protuding,2597
curviture,1288
swelling,1582
fork,3843
floppy,1842
coarser,1430
"tilisek,",171
pebbles,1336
foamy,1746
opener,1256
same`,2316
haboo,2478
pity,2717
windshiled,915
language,1621
tart,808
padding,4089
release,2669
oculdbe,1843
misshapen,1777
fins,1234
directions,2524
oyu,1492
hurray,2779
dumping,3263
unicycle,2590
blicketmobit,1286
proess,1180
hippity,4142
beacuse,3601
upward,905
supports,2657
plastered,1461
scrap,3260
reteach,1433
foward,2527
tear,3764
wiggling,3613
placement,2922
cheater,4180
right?,168
hah,1659
alphabet,1904
rouund,2777
kaka,2788
soldier,4169
subject,2998
sometime,2766
cubular,1339
zookeper,3875
basement,3961
system,2371
month,3681
***name's,2156
model,1210
pushed,4225
peppers,282
shampoo,2701
assortment,4071
fist,1104
"ha""",156
blackberry,4097
That,2016
brand,1852
stefani,4189
squinting,3665
herewant,4287
highly,1584
tease,3020
heeled,1815
deja,1657
beside,4133
"it?""",147
"""the",88
tirangle,1327
whoopsie,3468
ago,1639
fires,3957
mistake,1280
thanksgiving,2563
lively,2297
sites,2434
mobitthe,1296
timey,4056
diagonally,2656
spirals,3166
inappropriate,1585
pumping,2618
overe,2791
htem,1801
formed,1586
hings,1817
extra,1146
grene,1771
catcher,2699
rounder,2625
withb,1231
cages,3796
sqaure,2567
alliteration,1455
forbid,3018
station,2833
licked,3788
poked,3708
lived,3892
karate,466
Mapoo,781
impact,2687
dodi`,2078
distance,2919
foriegnx,3547
inserts,1644
blah,2974
frame,2333
hog,3484
pliers,1807
movement,2301
strap,3129
somethin,2390
lazy,3510
plug,2531
lokks,4115
sidewalk,3891
asbeing,1626
"""oh,",108
"""ratchet,",106
compnents,2269
hime,903
damage,2682
smashing,3765
zigzag,1536
tha,517
hunt,1685
gobstopper,1415
hen,1972
arche,2447
indentation,1303
Hi,697
expect,2384
observing,3746
shapes2,2310
operator,3556
arrangements,1681
almond,4098
clam,2627
stops,3371
nimbat,3005
excavator,3262
sqeaky,2965
record,2491
sixty,1321
sperical,1910
shoving,2630
stable,1786
mechanism,2659
sounx,933
ballerina,231
blilcket,1952
triagnle,1730
bacteria,1606
unfamiliar,1943
hind,3911
apiece,1906
trusts,4175
vicious,4291
versus,2385
lout,3470
oen,1816
skill,3109
slants,1715
tanglede,2511
David,3577
traingles,1314
algae,1604
facial,2939
wheeling,2957
wher'es,292
wool,2490
itched,3951
koalas,4269
lens,1390
mcstuffins,4061
specifically,3985
thrid,2377
tome,1711
ply,1667
isgood,3769
fishtank,1671
loooks,2651
dumb,1540
figuring,2978
corc,4293
frontwards,1317
booboo,3950
aound,1850
unfortunate,3586
attachment,1147
structures,2559
coolest,3180
youmake,390
mixed,2547
shak,3212
heater,2661
lilke,1143
aliens,2455
doubt,2193
drawn,3286
peaking,3901
unbolt,3313
grow,500
refresh,1016
scissor,3332
"roar""",93
firemen,4062
vertabre,3619
totaly,1789
heck,2306
slamming,3611
muscle,4086
hardly,3284
opps,4185
cammera,3502
hana,4109
jug,3225
allowed,2925
oaky,1648
robert,3437
year,4192
toots,3235
hoppity,4143
othere,4281
lke,2861
corpuses,987
stryofoam,3249
cany,2999
alrigh,1448
golf,1275
boring,3146
te,3242
peppa,4008
jose,3374
stew,4320
ley,2167
private,3489
usable,1519
comin,1547
preference,3426
firm,2634
classify,1190
picks,2700
stethescope,2147
si,1883
no2,2071
handlebar,1956
robotname,1025
associations,1197
que,4138
tar,1614
tamborine,2760
ufo,3229
unfold,1442
"first""",190
timber,3842
popular,2689
warm,3460
overhead,3419
traffic,2592
miniature,1002
ih,2604
istoo,4170
versa,3380
eh,1260
gallop,3418
till,3614
somethign,1876
nathan,2069
guy's,326
twistable,2956
fantastic,3724
buiding,4057
"this?""",152
suit,3898
alsohas,2004
worlds,2433
demensional,1507
amusing,1277
toes,3195
poisoning,1598
necklaces,3734
neatest,2150
ut,3200
unsafe,2401
extreme,3579
hape,1356
often,2769
hangs,3766
replacement,1587
adds,1908
cloth,4070
aquarium,3975
bliket,1500
distructive,1678
canines,3185
"it,",163
attachments,1521
knot,1955
Aina,3578
occupied,3984
volcanic,1651
ahouse,1136
rabber,2331
cna,1541
denting,2730
fragile,3476
bettter,2887
nighttime,4024
woodsman,3581
spread,2067
builds,3943
given,1729
smelled,3154
ding,3934
weighs,942
decomposed,4120
shower,401
gadget,2544
symetry,2293
comforter,4102
cousins,3405
sailing,3398
heating,2660
decoration,1670
sprinkler,2772
ourself,4240
slid,654
sqeak,3585
whered,2093
fail,2427
dissect,4076
flipping,3197
catching,4322
boser,3446
awawa,686
acute,1944
pulley,2460
trial,4275
offer,4134
roadtrip,2982
slobber,3279
"equine""",131
like`,2526
centered,1941
doe,2008
panda,4324
pyramid,858
public,3490
"that,",98
essentially,1775
theoretically,1676
scrunchiest,3386
faker,3295
baba,3674
photom,2422
me`,2088
eleven,1633
scientist,3334
But,1311
sections,2586
single,1515
observe,2292
beans,3702
cords,3555
children's,1866
becasue,1953
upper,1838
firstly,2288
resembling,1491
guessing,2507
bum,3986
compare,2635
didn't,346
triggers,1636
himself,3123
glad,3944
watched,2410
danny,3531
sethf3,2707
unable,3791
rap,3045
torque,2376
Steven,3436
alive,3368
completed,4117
macaroni,4099
wentway,3778
speechxbody,4119
squeakys,3147
covers,1792
expnames,3735
pokes,2652
trough,4013
aparently,1761
rubbing,2973
"""uh",154
domino,4157
pours,3224
track,4055
pills,2601
heap,3219
travel,2703
literacy,3478
proably,2675
hab,2775
bull,4224
squiggly,1537
grill,2600
keey,3040
cheat,2909
rabit,1138
goog,2849
orientation,1524
princess,3411
hand1,2138
bsic,1610
bouncy,4273
equal,1822
grooves,1928
oblong,1967
shook,3393
equals,1284
Where,3657
tiring,2931
mobits,1783
steps,3872
swinging,3742
TRUE,2161
crocodie,4290
nighty,4200
alrlight,1839
New,3899
sneak,4082
reached,3628
greem,3196
grooming,3850
flavor,2128
pond,4026
quickly,1574
sword,2352
spits,2771
otherwise,3475
dooing,4272
balances,415
nosey,3741
snot,1443
further,927
honks,3142
"mouth""",125
happily,2066
daycare,3979
vu,1658
"""no",132
tapers,2637
startwith,869
thirty,1320
causes,2426
floating,3421
thattower,1091
bubbles,2134
here?,183
speechlangx,3410
infinity,2208
ele,3967
morse,2889
"""it's",126
mem,1191
yummmy,4297
cavemen,1686
musical,3743
IU,4129
neglected,2436
stretches,3156
permenant,2272
pada,3298
divide,1981
rok,926
dora,277
attched,2394
lumps,1899
htis,1460
vice,3379
siren,3844
seatbelts,3549
glow,2375
swallow,1745
hosey,3218
secondly,2289
comign,1804
training,1790
low,3726
nearly,944
sandbox,3640
hubcaps,2913
herd,4032
reviewing,1915
swab,2561
smarter,3144
grips,1665
unspectacular,1593
books,3915
squirel,3687
binki,3896
finally,900
youpouring,2242
cave,3833
cooks,4263
wetry,4215
pigs,3814
surrounded,2353
tracking,4004
wore,2131
stackable,2961
recap,1129
republic,2428
pepermint,2518
weather,1625
whic,1363
throughout,3501
one`,2279
chase,4088
chariot,3727
tag,4325
tells,4136
"ok""",173
correct,1523
hallow,2623
sleeps,3964
awhile,3134
clifford,3335
general,1219
tomato,4093
multipurpose,3728
phrase,1501
"""jenny",120
boil,4284
tootsie,1402
club,1276
jelly,3926
bends,3269
girrafe,3799
I'm,63
cansee,1348
"you,",92
babies,2864
rememebered,1751
Is,2014
invisible,3610
andis,1009
trix,4183
town,3888
cloud,3887
forwards,4112
liar,4323
chainsaw,3509
designs,2346
generic,1576
ethic,3480
survace,1970
lineup,4018
safety,3993
eve,2153
granules,1984
noodle,3706
convertible,2905
bl,1450
wierd,2554
rectangle's,1158
bursh,2130
paintbrush,2476
guyS,3121
leopard,3918
joinning,2654
teime,2855
lessons,3469
guardian,3356
stacks,3209
sewer,1603
doodle,3456
uniquely,1723
latest,2697
stomach,3659
"teeba,",3840
crossed,635
osme,1642
syndrome,3353
flatened,2694
butter,3661
elephanty,4131
blick,1458
sidesp,1239
hopped,4011
becuase,2464
mintue,4210
wrappers,1463
okaya,2528
remain,2435
smooshed,1701
ridge,1431
stupid,1565
upset,2744
weaving,3344
thru,2555
person's,1756
mooves,1293
workers,4085
soul,4194
squaree,1810
pair,1939
represents,2676
exacty,1218
pinches,3392
didnt,1072
barrier,1414
shield,2357
stitch,3486
destroy,2685
sub,4108
annoy,3983
mommyhi,710
fee,4332
remove,4333
N/A,0
topple,4335
claw,4336
undress,4337
scrawl,4338
grasp,4339
stare,4340
search,4341
inspect,4342
stabilize,4343
stab,4344
snore,4345
glide,4346
collide,4347
nuzzle,4348
threaten,4349
examine,4350
pause,4351
trumpet,4352
kill,4353
pounce,4354
wail,4355
dial,4356
strike,4357
tackle,4358
guide,4359
speed,4360
load,4361
greet,4362
raise,4363
charge,4364
replace,4365
alert,4366
fill,4367
stroke,4368
arrange,4369
snatch,4370
shove,4371
collect,4372
present,4373
glance,4374
hover,4375
decorate,4376
squash,4377
select,4378
creep,4379
swivel,4380
celebrate,4381
awaken,4382
create,4383
smack,4384
sway,4385
slap,4386
adjust,4387
pray,4388
giggle,4389
slice,4390
enter,4391
organize,4392
wind,4393
drag,4394
scrub,4395
transport,4396
stoop,4397
shale,4398
shout,4399
waive,4400
install,4401
ruffle,4402
petals,4403
unstuck,4404
paddle,4405
prepare,4406
cradle,4407
animate,4408
tilt,4409
sweep,4410
rage,4411
tighten,4412
jab,4413
slash,4414
punch,4415
receive,4416
arrive,4417
die,4418
snip,4419
rev,4420
pain,4421
crumble,4422
merge,4423
drift,4424
bake,4425
shine,4426
bludgeon,4427
kidnap,4428
restrain,4429
arrest,4430
ransom,4431
dodge,4432
ram,4433
ruin,4434
gentile,4435
separate,4436
wag,4437
rip,4438
fold,4439
swish,4440
steer,4441
stake,4442
shack,4443
bid,4444
deliver,4445
march,4446
jiggle,4447
unstack,4448
assemble,4449
